Err, 11001000
Err, 11001001
Err, 11001002
Err, 11001003
Err, 11001004
Err, 11001005
Err, 11001006
Err, 11001007
Err, 11001008
Err, 11001009
Err, 11001010
Err, 11001011
Err, 11001012
Err, 11001013
Err, 11001014
Err, 11001015
Err, 11001016
Err, 11001017
Err, 11001018
Err, 11001019
Err, 11001020
Err, 11001021
Err, 11001022
Err, 11001023
Err, 11001024
Err, 11001025
Err, 11001026
Err, 11001027
Err, 11001028
Err, 11001029
Err, 11001030
Err, 11001031
Err, 11001032
Err, 11001033
Err, 11001034
Err, 11001035
Err, 11001036
Err, 11001037
Err, 11001038
Err, 11001039
Err, 11001040
Err, 11001041
Err, 11001042
Err, 11001043
